id,name,description,price,amount,createdAt,updatedAt
01916b5b-3680-7aae-86cf-f4088dde90f6,Generic Metal Salad,Illo desino tot aureus vox arma.,146,17,19/08/2024,19/08/2024
01916b5b-3682-7aae-86cf-fcd9b7a4c058,Practical Cotton Tuna,Aufero cetera taceo alius contra tricesimus cubo venio.,73,47,19/08/2024,19/08/2024
01916b5b-3682-7aae-86d0-07317efef452,Rustic Steel Tuna,Voro textus defessus.,64,30,19/08/2024,19/08/2024
01916b5b-3682-7aae-86d0-0ba80ce019c6,Generic Plastic Fish,Aranea curiositas aqua earum.,75,19,19/08/2024,19/08/2024
01916b5b-3682-7aae-86d0-131a748c1d33,Oriental Concrete Bacon,Tracto cado beatus vilitas.,162,14,19/08/2024,19/08/2024
01916b5b-3682-7aae-86d0-1a3e08fa80a9,Practical Plastic Fish,Bonus viriliter ulciscor correptius cunctatio distinctio solvo.,200,45,19/08/2024,19/08/2024
01916b5b-3682-7aae-86d0-2249a7080b2f,Handcrafted Granite Chips,Cumque subvenio denique sulum incidunt.,15,29,19/08/2024,19/08/2024
01916b5b-3682-7aae-86d0-29463f745138,Fantastic Metal Computer,Dolorem eius spoliatio vesica amissio tertius.,21,20,19/08/2024,19/08/2024
01916b5b-3682-7aae-86d0-30bf65cb8430,Handcrafted Concrete Mouse,Uter talis veritas unus.,109,15,19/08/2024,19/08/2024
01916b5b-3682-7aae-86d0-39c297d7ab2b,Generic Plastic Chair,Ambulo defluo crustulum amplexus.,62,15,19/08/2024,19/08/2024
01916b5b-3682-7aae-86d0-41e33c7ded8c,Handcrafted Cotton Chicken,Audio tenus delibero tamen calco tollo.,130,19,19/08/2024,19/08/2024
01916b5b-3682-7aae-86d0-49bd58f12152,Tasty Wooden Ball,Apparatus hic creta repellat accommodo.,53,10,19/08/2024,19/08/2024
01916b5b-3682-7aae-86d0-507f3c2a777c,Recycled Bronze Cheese,Addo vulgaris tamdiu temporibus sublime tum utrimque deleniti bonus.,39,37,19/08/2024,19/08/2024
01916b5b-3683-7aae-86d0-5b66cb583dff,Ergonomic Metal Fish,Cumque adficio adsidue sponte illo canonicus.,152,38,19/08/2024,19/08/2024
01916b5b-3683-7aae-86d0-667eb2f16521,Sleek Bronze Shoes,Ab tantum ater canto pectus contigo conscendo arbustum.,16,41,19/08/2024,19/08/2024
01916b5b-3683-7aae-86d0-6b336567f1b1,Handmade Wooden Pizza,Ait conforto conqueror.,143,45,19/08/2024,19/08/2024
01916b5b-3683-7aae-86d0-72d37fcd2293,Sleek Steel Gloves,Ventus cribro esse qui animus peior canto crebro ante.,100,32,19/08/2024,19/08/2024
01916b5b-3683-7aae-86d0-784e4e9bebad,Bespoke Bronze Hat,Alienus demitto crebro adicio viridis.,141,50,19/08/2024,19/08/2024
01916b5b-3683-7aae-86d0-8246efc3d30e,Fantastic Granite Pizza,Cuius totidem viscus somnus talus.,72,33,19/08/2024,19/08/2024
01916b5b-3683-7aae-86d0-8920c2f0b561,Incredible Plastic Chicken,Argentum adinventitias eligendi termes defungo aegrotatio arma at spoliatio.,11,15,19/08/2024,19/08/2024
01916b5b-3683-7aae-86d0-9216f5b11bbe,Electronic Fresh Tuna,Cimentarius considero demens xiphias utrimque ambitus cursus xiphias corrigo.,193,39,19/08/2024,19/08/2024
01916b5b-3683-7aae-86d0-9bc8f096f7f2,Awesome Frozen Mouse,Vis aggredior cauda nesciunt.,195,21,19/08/2024,19/08/2024
01916b5b-3683-7aae-86d0-a16fadc4a123,Elegant Plastic Pizza,Conforto ver architecto ver censura consequatur stabilis.,18,42,19/08/2024,19/08/2024
01916b5b-3683-7aae-86d0-abb92b75b669,Generic Granite Cheese,Statua eum arx subseco facilis vere vomer substantia vox.,149,15,19/08/2024,19/08/2024
01916b5b-3683-7aae-86d0-b4bc7e94ca43,Incredible Concrete Shirt,Dolorum curatio tyrannus abundans.,120,50,19/08/2024,19/08/2024
01916b5b-3683-7aae-86d0-bca14dc43cfd,Rustic Frozen Chips,Deputo facilis vicissitudo blanditiis.,18,43,19/08/2024,19/08/2024
01916b5b-3683-7aae-86d0-c2883b28f4ec,Practical Concrete Pants,Attonbitus curto atrox trado tyrannus thesis confero adicio teneo.,81,38,19/08/2024,19/08/2024
01916b5b-3683-7aae-86d0-cfabe80cf614,Luxurious Rubber Tuna,Tunc ipsam temptatio creptio ambulo aufero textilis ventito cupiditas.,171,43,19/08/2024,19/08/2024
01916b5b-3683-7aae-86d0-d42f865e82ea,Modern Fresh Chips,Vulticulus vesco vaco tendo animi tibi delinquo triumphus veritas compono.,26,36,19/08/2024,19/08/2024
01916b5b-3683-7aae-86d0-dc29e41310d2,Handcrafted Metal Mouse,Arx benigne occaecati sophismata repellat quibusdam ea.,85,33,19/08/2024,19/08/2024
01916b5b-3683-7aae-86d0-e708618adf2b,Handcrafted Frozen Table,Deludo repellendus tumultus.,30,49,19/08/2024,19/08/2024
01916b5b-3683-7aae-86d0-ef7a23170f77,Handcrafted Fresh Cheese,Alienus voro urbs.,125,14,19/08/2024,19/08/2024
01916b5b-3683-7aae-86d0-f17a451882db,Refined Wooden Soap,Creta temporibus validus cito deficio cuppedia.,194,22,19/08/2024,19/08/2024
01916b5b-3683-7aae-86d0-f81f62de6e30,Incredible Frozen Cheese,Tamisium deporto assentator aiunt doloribus vulgivagus thorax amaritudo totam.,120,7,19/08/2024,19/08/2024
01916b5b-3683-7aae-86d1-04fd64a65e85,Gorgeous Granite Tuna,Statua anser concedo sublime aurum.,13,43,19/08/2024,19/08/2024
01916b5b-3683-7aae-86d1-0bc4bfd59b3a,Refined Concrete Hat,Aestivus comedo civis officiis torqueo vobis.,171,26,19/08/2024,19/08/2024
01916b5b-3683-7aae-86d1-140c80f38fcc,Practical Bronze Soap,Vulgo socius coaegresco vulnero dolores tabernus varietas.,64,18,19/08/2024,19/08/2024
01916b5b-3683-7aae-86d1-1b230a50bbe4,Ergonomic Rubber Bike,Urbanus delibero aspicio summisse iure copia delinquo.,30,49,19/08/2024,19/08/2024
01916b5b-3683-7aae-86d1-2534b3b2e523,Sleek Fresh Soap,Acquiro vorax sponte.,172,7,19/08/2024,19/08/2024
01916b5b-3683-7aae-86d1-299339dd74d9,Awesome Concrete Pants,Teneo brevis vulpes natus assumenda advenio totus pecus.,83,45,19/08/2024,19/08/2024
01916b5b-3683-7aae-86d1-32bda8a87d2a,Sleek Fresh Shirt,Adopto defetiscor ascisco unus.,24,18,19/08/2024,19/08/2024
01916b5b-3683-7aae-86d1-3a6c8147a853,Handmade Granite Shoes,Tondeo capitulus occaecati usus amita.,101,50,19/08/2024,19/08/2024
01916b5b-3683-7aae-86d1-4419caa8e7fa,Elegant Rubber Car,Averto pecus coniuratio considero vulnero adipiscor amet perferendis campana.,128,25,19/08/2024,19/08/2024
01916b5b-3683-7aae-86d1-4e2550011ab2,Generic Bronze Tuna,Argentum aer bellum earum aegre civitas contra.,97,45,19/08/2024,19/08/2024
01916b5b-3683-7aae-86d1-5513fd45aa63,Tasty Frozen Chips,Accusantium animadverto victus cunctatio depromo ante accedo.,140,23,19/08/2024,19/08/2024
01916b5b-3683-7aae-86d1-58395a787aff,Ergonomic Frozen Computer,Delinquo laborum color patruus socius charisma vallum stella tener.,192,50,19/08/2024,19/08/2024
01916b5b-3683-7aae-86d1-66c4243b0985,Awesome Granite Mouse,Allatus volup creo cubo atqui.,131,48,19/08/2024,19/08/2024
01916b5b-3683-7aae-86d1-68daa5da4ae4,Modern Concrete Cheese,Minima inventore spargo stips.,58,31,19/08/2024,19/08/2024
01916b5b-3683-7aae-86d1-70f95873edf4,Licensed Fresh Computer,Adsum undique demergo ciminatio casso ascit abscido.,103,46,19/08/2024,19/08/2024
01916b5b-3683-7aae-86d1-7c5ce434274b,Intelligent Cotton Shirt,Cito exercitationem spargo valeo.,51,27,19/08/2024,19/08/2024
01916b5b-3683-7aae-86d1-8327b0a96c15,Handmade Metal Chips,Dapifer appositus conqueror defetiscor auxilium audio torqueo conforto aestas deporto.,62,47,19/08/2024,19/08/2024
01916b5b-3683-7aae-86d1-89faa9795d52,Small Metal Sausages,Timidus viscus labore abeo atqui tero vindico degero possimus.,138,26,19/08/2024,19/08/2024
01916b5b-3683-7aae-86d1-9639a0550e46,Oriental Wooden Table,Debitis caecus casus cohaero nisi rem terra.,127,39,19/08/2024,19/08/2024
01916b5b-3683-7aae-86d1-9f7983f08000,Tasty Frozen Ball,Demergo subiungo tonsor appositus.,46,12,19/08/2024,19/08/2024
01916b5b-3683-7aae-86d1-a1c78591ddd2,Electronic Rubber Chair,Velociter clamo quas solus.,21,22,19/08/2024,19/08/2024
01916b5b-3683-7aae-86d1-ac4bfb76f3c5,Bespoke Wooden Hat,Aduro vinculum paens tolero aiunt contabesco cito curo soluta.,104,12,19/08/2024,19/08/2024
01916b5b-3683-7aae-86d1-b7fac1816eca,Licensed Plastic Sausages,Spoliatio vinco omnis.,82,50,19/08/2024,19/08/2024
01916b5b-3683-7aae-86d1-bab8dd0e85cc,Practical Steel Soap,Benigne desolo aetas patrocinor.,132,36,19/08/2024,19/08/2024
01916b5b-3683-7aae-86d1-c7460baa7b23,Sleek Granite Chips,Defero campana truculenter sonitus.,51,19,19/08/2024,19/08/2024
01916b5b-3684-7aae-86d1-c8a7a97d21cb,Sleek Granite Shirt,Uter vetus victoria coruscus corrupti adhuc sequi delego comparo super.,83,34,19/08/2024,19/08/2024
01916b5b-3684-7aae-86d1-d2791b178ab0,Awesome Wooden Computer,Abduco desparatus dolores architecto aegrotatio.,18,48,19/08/2024,19/08/2024
01916b5b-3684-7aae-86d1-d9daf0b40f0a,Refined Bronze Salad,Laudantium umquam cerno vigilo crebro absens solium balbus voluptates.,177,5,19/08/2024,19/08/2024
01916b5b-3684-7aae-86d1-e7a93faa5e33,Rustic Bronze Towels,Appono calculus cado vulpes tantum ambulo.,154,46,19/08/2024,19/08/2024
01916b5b-3684-7aae-86d1-efc80b20aeee,Incredible Plastic Mouse,Itaque aperiam utpote canonicus quibusdam cilicium comedo termes thymbra.,40,26,19/08/2024,19/08/2024
01916b5b-3684-7aae-86d1-f1307dbfae9b,Incredible Bronze Hat,Velut ventito arcus natus arbustum certe tergo sponte.,111,8,19/08/2024,19/08/2024
01916b5b-3684-7aae-86d1-ffe1688d651d,Luxurious Wooden Chair,Arbustum venio vindico terga trans deserunt alioqui acquiro molestias.,169,8,19/08/2024,19/08/2024
01916b5b-3684-7aae-86d2-06d0fd7b13b3,Sleek Metal Shirt,Custodia vos terreo tabula omnis coma ut.,122,46,19/08/2024,19/08/2024
01916b5b-3684-7aae-86d2-0ac9a166e641,Licensed Fresh Hat,Conatus carus ventito virgo confero sperno venia suasoria curvo.,156,9,19/08/2024,19/08/2024
01916b5b-3684-7aae-86d2-14b65785e214,Modern Fresh Gloves,Adulescens altus crebro.,192,22,19/08/2024,19/08/2024
01916b5b-3684-7aae-86d2-1bd0e3263108,Tasty Steel Ball,Desparatus tamquam pecco adflicto tibi vulgo asperiores alias.,96,15,19/08/2024,19/08/2024
01916b5b-3684-7aae-86d2-2256c85d40af,Modern Steel Keyboard,Deficio necessitatibus aegre victus deleniti vitium.,97,13,19/08/2024,19/08/2024
01916b5b-3684-7aae-86d2-29cb3898ea99,Generic Steel Chair,Tribuo officia amaritudo terreo adicio vado consequatur.,10,34,19/08/2024,19/08/2024
01916b5b-3684-7aae-86d2-3665a39ffb48,Oriental Concrete Soap,Tripudio absconditus calco.,94,50,19/08/2024,19/08/2024
01916b5b-3684-7aae-86d2-3cc58203c642,Gorgeous Frozen Mouse,Damnatio exercitationem vado delibero.,19,12,19/08/2024,19/08/2024
01916b5b-3684-7aae-86d2-432f49388ad8,Unbranded Metal Hat,Conqueror sumptus carbo alveus deleniti spectaculum.,180,49,19/08/2024,19/08/2024
01916b5b-3684-7aae-86d2-4b8fbd5b1e45,Electronic Frozen Shoes,Bardus pax acsi contra temporibus antepono.,117,43,19/08/2024,19/08/2024
01916b5b-3684-7aae-86d2-57093afe5f56,Unbranded Rubber Towels,Utrimque eos totidem commodo subito.,90,50,19/08/2024,19/08/2024
01916b5b-3684-7aae-86d2-5bb854d6fd9e,Recycled Bronze Pizza,Aggero delego tactus abutor careo ait copia alo acquiro blandior.,44,8,19/08/2024,19/08/2024
01916b5b-3684-7aae-86d2-613430e992f0,Small Rubber Table,Quia surculus turpis.,172,11,19/08/2024,19/08/2024
01916b5b-3684-7aae-86d2-6f9e342355ac,Incredible Bronze Soap,Argumentum victus temporibus adamo numquam cunae tergiversatio dicta ciminatio chirographum.,31,28,19/08/2024,19/08/2024
01916b5b-3684-7aae-86d2-723c25a1c8cb,Luxurious Frozen Bike,Acervus et thema molestias anser.,55,37,19/08/2024,19/08/2024
01916b5b-3684-7aae-86d2-7b86fe011655,Ergonomic Concrete Gloves,Absorbeo copiose turpis.,57,30,19/08/2024,19/08/2024
01916b5b-3684-7aae-86d2-83f81fc96dd2,Tasty Steel Keyboard,Caute apparatus argentum.,129,5,19/08/2024,19/08/2024
01916b5b-3684-7aae-86d2-8ee1d12e61d0,Electronic Granite Soap,Vulgus exercitationem tres antiquus vestigium vorax.,192,9,19/08/2024,19/08/2024
01916b5b-3684-7aae-86d2-94c27510f66e,Ergonomic Wooden Cheese,Nisi copiose dedico corpus curiositas quibusdam subiungo.,32,20,19/08/2024,19/08/2024
01916b5b-3684-7aae-86d2-9d4c94b268c2,Practical Steel Bike,Thorax cavus vitiosus corporis.,137,41,19/08/2024,19/08/2024
01916b5b-3684-7aae-86d2-a237c72129fe,Recycled Concrete Gloves,Nostrum auditor cilicium ea.,115,31,19/08/2024,19/08/2024
01916b5b-3684-7aae-86d2-a8ed32702c12,Sleek Bronze Chair,Venio tenuis deserunt utroque.,67,31,19/08/2024,19/08/2024
01916b5b-3684-7aae-86d2-b7c207b4df28,Electronic Bronze Fish,Animus aiunt capio carbo beatus ventosus defessus.,89,6,19/08/2024,19/08/2024
01916b5b-3684-7aae-86d2-bbf024bb9648,Gorgeous Granite Chicken,Attollo caries admoneo alter.,82,22,19/08/2024,19/08/2024
01916b5b-3684-7aae-86d2-c2d038a326a1,Awesome Wooden Gloves,Celebrer torrens benigne aer vestrum utroque vulgivagus.,153,40,19/08/2024,19/08/2024
01916b5b-3684-7aae-86d2-cf7a870e7520,Recycled Plastic Soap,Cuius decipio suffoco antea vae vorax.,149,32,19/08/2024,19/08/2024
01916b5b-3684-7aae-86d2-d682f4024514,Recycled Bronze Shoes,Conqueror summisse enim cerno thorax sollicito ambulo credo.,198,35,19/08/2024,19/08/2024
01916b5b-3684-7aae-86d2-e476683504c2,Recycled Cotton Cheese,Conitor subito antepono admitto conitor libero praesentium coniecto accedo capio.,32,5,19/08/2024,19/08/2024
01916b5b-3684-7aae-86d2-ed5eab151494,Handmade Metal Bike,Patior sonitus absconditus delibero animadverto deduco solium.,154,15,19/08/2024,19/08/2024
01916b5b-3684-7aae-86d2-f27860b8c15f,Awesome Wooden Car,Contabesco sed defungo verbera utrum peccatus.,188,43,19/08/2024,19/08/2024
01916b5b-3684-7aae-86d2-fcff27dea182,Generic Granite Shirt,Truculenter demo tui trado.,140,25,19/08/2024,19/08/2024
01916b5b-3684-7aae-86d3-01e77d639fb5,Handmade Cotton Chicken,Cubitum tendo videlicet cavus delicate viriliter suadeo avarus.,144,22,19/08/2024,19/08/2024
01916b5b-3684-7aae-86d3-092aa8088ab0,Electronic Metal Shoes,Textus optio aggredior.,58,33,19/08/2024,19/08/2024